Workbook
Name Lifts: Setup!$B$10:$B$19
Name Units: Setup!$C$5
Name RoundTo: Setup!$C$6

Sheet START HERE
B2: ATLASFORM
B3: Progressive Overload Workout Spreadsheet
B4: An auto-calculating 12-week training log · Excel + Google Sheets · no macros
B6: WHAT THIS IS
B8: A training log that does its own arithmetic. You type exercise, sets, reps, and weight. The sheet computes your tonnage per set-block, your session volume, and your estimated one-rep max — then flags the PR the moment a lift beats your best. The dashboard graphs all twelve weeks without being asked. Progressive overload is a numbers discipline; this is the ledger.
B10: QUICK START — THREE MOVES
B12: 1. SETUP TAB — Five lifts are already loaded (squat, bench, deadlift, overhead press, row). Rename them or add up to five of your own, pick lbs or kg, and enter a training max for any lift you want percentage tables for.
B13: 2. TRAINING LOG — Pick the exercise from the dropdown, then type sets, reps, and weight. Tonnage, e1RM, and PR flags fill in on their own. RIR is there for the meticulous; the engine runs without it.
B14: 3. PROGRESS DASHBOARD — Charts and totals update as you log. Nothing to configure, nothing to refresh.
B16: USING IT IN EXCEL
B18: Open the file and click Enable Editing if Excel asks — the calculations run the moment the sheet wakes up. Built for Excel 2019, 2021, and Microsoft 365 (the PR engine uses MAXIFS, which older Excel doesn't ship).
B20: USING IT IN GOOGLE SHEETS (FREE)
... B37: Cream cells are yours. White cells calculate themselves — type over one and you're overwriting a formula (Ctrl+Z undoes it). You don't have to fill every column, and you don't have to train four sessions a week for the sheet to work: blank rows and blank weeks simply don't count against you.
B39: you type here | D39: calculated
B41: A WORKED EXAMPLE
B43: You log: Squat · 5 sets · 5 reps · 225. The sheet answers: Tonnage 5,625 · e1RM 262.5 · PR (first entry).
B44: Next squat day you log 5 × 5 × 230: e1RM 268.3, and the row lights up again — 5.8 in the bank. Small jumps, honestly counted, twelve weeks straight. That's the program.
B46: THE FINE PRINT
B48: No macros, no add-ins, no internet required — plain formulas that work in Excel and Google Sheets. Want a paper log instead? Our Progressive Overload Tracker is this system's print edition, in the shop.
B49: Original AtlasForm design. For personal use only — not for resale or redistribution. © 2026 AtlasForm.

Sheet Setup
B2: Setup
B3: Lifts, units, and training maxes. The Training Log reads everything here.
B5: Units (lbs or kg) | C5: lbs
B6: Plates round to nearest | C6: =IF($C$5="kg",2.5,5)
B8: YOUR LIFTS
B9: Lift | C9: Training Max | D9: 0.95 | E9: 0.9 | F9: 0.85 | G9: 0.8 | H9: 0.75 | I9: 0.7
B10: Squat | D10: =IF($C10="","",ROUND($C10*D$9/$C$6,0)*$C$6) | E10: =IF($C10="","",ROUND($C10*E$9/$C$6,0)*$C$6) | F10: =IF($C10="","",ROUND($C10*F$9/$C$6,0)*$C$6) | G10: =IF($C10="","",ROUND($C10*G$9/$C$6,0)*$C$6) | H10: =IF($C10="","",ROUND($C10*H$9/$C$6,0)*$C$6) | I10: =IF($C10="","",ROUND($C10*I$9/$C$6,0)*$C$6)
B11: Bench Press | D11: =IF($C11="","",ROUND($C11*D$9/$C$6,0)*$C$6) | E11: =IF($C11="","",ROUND($C11*E$9/$C$6,0)*$C$6) | F11: =IF($C11="","",ROUND($C11*F$9/$C$6,0)*$C$6) | G11: =IF($C11="","",ROUND($C11*G$9/$C$6,0)*$C$6) | H11: =IF($C11="","",ROUND($C11*H$9/$C$6,0)*$C$6) | I11: =IF($C11="","",ROUND($C11*I$9/$C$6,0)*$C$6)
B12: Deadlift | D12: =IF($C12="","",ROUND($C12*D$9/$C$6,0)*$C$6) | E12: =IF($C12="","",ROUND($C12*E$9/$C$6,0)*$C$6) | F12: =IF($C12="","",ROUND($C12*F$9/$C$6,0)*$C$6) | G12: =IF($C12="","",ROUND($C12*G$9/$C$6,0)*$C$6) | H12: =IF($C12="","",ROUND($C12*H$9/$C$6,0)*$C$6) | I12: =IF($C12="","",ROUND($C12*I$9/$C$6,0)*$C$6)
B13: Overhead Press | D13: =IF($C13="","",ROUND($C13*D$9/$C$6,0)*$C$6) | E13: =IF($C13="","",ROUND($C13*E$9/$C$6,0)*$C$6) | F13: =IF($C13="","",ROUND($C13*F$9/$C$6,0)*$C$6) | G13: =IF($C13="","",ROUND($C13*G$9/$C$6,0)*$C$6) | H13: =IF($C13="","",ROUND($C13*H$9/$C$6,0)*$C$6) | I13: =IF($C13="","",ROUND($C13*I$9/$C$6,0)*$C$6)
B14: Barbell Row | D14: =IF($C14="","",ROUND($C14*D$9/$C$6,0)*$C$6) | E14: =IF($C14="","",ROUND($C14*E$9/$C$6,0)*$C$6) | F14: =IF($C14="","",ROUND($C14*F$9/$C$6,0)*$C$6) | G14: =IF($C14="","",ROUND($C14*G$9/$C$6,0)*$C$6) | H14: =IF($C14="","",ROUND($C14*H$9/$C$6,0)*$C$6) | I14: =IF($C14="","",ROUND($C14*I$9/$C$6,0)*$C$6)
D15: =IF($C15="","",ROUND($C15*D$9/$C$6,0)*$C$6) | E15: =IF($C15="","",ROUND($C15*E$9/$C$6,0)*$C$6) | F15: =IF($C15="","",ROUND($C15*F$9/$C$6,0)*$C$6) | G15: =IF($C15="","",ROUND($C15*G$9/$C$6,0)*$C$6) | H15: =IF($C15="","",ROUND($C15*H$9/$C$6,0)*$C$6) | I15: =IF($C15="","",ROUND($C15*I$9/$C$6,0)*$C$6)
D16: =IF($C16="","",ROUND($C16*D$9/$C$6,0)*$C$6) | E16: =IF($C16="","",ROUND($C16*E$9/$C$6,0)*$C$6) | F16: =IF($C16="","",ROUND($C16*F$9/$C$6,0)*$C$6) | G16: =IF($C16="","",ROUND($C16*G$9/$C$6,0)*$C$6) | H16: =IF($C16="","",ROUND($C16*H$9/$C$6,0)*$C$6) | I16: =IF($C16="","",ROUND($C16*I$9/$C$6,0)*$C$6)
D17: =IF($C17="","",ROUND($C17*D$9/$C$6,0)*$C$6) | E17: =IF($C17="","",ROUND($C17*E$9/$C$6,0)*$C$6) | F17: =IF($C17="","",ROUND($C17*F$9/$C$6,0)*$C$6) | G17: =IF($C17="","",ROUND($C17*G$9/$C$6,0)*$C$6) | H17: =IF($C17="","",ROUND($C17*H$9/$C$6,0)*$C$6) | I17: =IF($C17="","",ROUND($C17*I$9/$C$6,0)*$C$6)
D18: =IF($C18="","",ROUND($C18*D$9/$C$6,0)*$C$6) | E18: =IF($C18="","",ROUND($C18*E$9/$C$6,0)*$C$6) | F18: =IF($C18="","",ROUND($C18*F$9/$C$6,0)*$C$6) | G18: =IF($C18="","",ROUND($C18*G$9/$C$6,0)*$C$6) | H18: =IF($C18="","",ROUND($C18*H$9/$C$6,0)*$C$6) | I18: =IF($C18="","",ROUND($C18*I$9/$C$6,0)*$C$6)
D19: =IF($C19="","",ROUND($C19*D$9/$C$6,0)*$C$6) | E19: =IF($C19="","",ROUND($C19*E$9/$C$6,0)*$C$6) | F19: =IF($C19="","",ROUND($C19*F$9/$C$6,0)*$C$6) | G19: =IF($C19="","",ROUND($C19*G$9/$C$6,0)*$C$6) | H19: =IF($C19="","",ROUND($C19*H$9/$C$6,0)*$C$6) | I19: =IF($C19="","",ROUND($C19*I$9/$C$6,0)*$C$6)
B21: Training max: the heaviest weight you could lift for ~3 clean reps today — not your all-time best. The percentage columns turn it into working weights, rounded to real plates. Leave it blank if you don't program by percentages; the log runs fine without it.
B22: The five blank rows are custom slots — front squat, incline bench, RDL, whatever your program runs. Named lifts appear in the Training Log dropdown automatically.

Sheet Training Log
A1: Training Log
A2: 12 weeks × 4 sessions × 6 exercise rows. Cream cells are yours; the rest is arithmetic. Session Volume posts on each session's first row.
A4: e1RM (Epley) = weight × (1 + reps ÷ 30)
A5: PR = this row's e1RM beats every earlier e1RM for the same lift. Prev Best shows — on a lift's first entry.
A7: Tip: straight sets assumed (same reps and weight across the sets on a row). Different top set? Give it its own row.
A9: Week | B9: Session | C9: Exercise | D9: Sets | E9: Reps | F9: ="Weight ("&Units&")" | G9: RIR | H9: ="Tonnage ("&Units&")" | I9: ="e1RM ("&Units&")" | J9: Prev Best | K9: PR | L9: Session Volume
A10: 1 | B10: 1 | H10: =IF(OR($D10="",$E10="",$F10=""),"",ROUND($D10*$E10*$F10,0)) | I10: =IF(OR($E10="",$F10=""),"",ROUND($F10*(1+$E10/30),1)) | J10: =IF($C10="","",_xlfn.MAXIFS($I$9:$I9,$C$9:$C9,$C10)) | K10: =IF(OR($C10="",$I10=""),"",IF($I10>$J10,"PR","")) | L10: =IF($B10=$B9,"",IF(SUMIFS($H$10:$H$297,$A$10:$A$297,$A10,$B$10:$B$297,$B10)=0,"",SUMIFS($H$10:$H$297,$A$10:$A$297,$A10,$B$10:$B$297,$B10)))
A11: 1 | B11: 1 | H11: =IF(OR($D11="",$E11="",$F11=""),"",ROUND($D11*$E11*$F11,0)) | I11: =IF(OR($E11="",$F11=""),"",ROUND($F11*(1+$E11/30),1)) | J11: =IF($C11="","",_xlfn.MAXIFS($I$9:$I10,$C$9:$C10,$C11)) | K11: =IF(OR($C11="",$I11=""),"",IF($I11>$J11,"PR","")) | L11: =IF($B11=$B10,"",IF(SUMIFS($H$10:$H$297,$A$10:$A$297,$A11,$B$10:$B$297,$B11)=0,"",SUMIFS($H$10:$H$297,$A$10:$A$297,$A11,$B$10:$B$297,$B11)))
A12: 1 | B12: 1 | H12: =IF(OR($D12="",$E12="",$F12=""),"",ROUND($D12*$E12*$F12,0)) | I12: =IF(OR($E12="",$F12=""),"",ROUND($F12*(1+$E12/30),1)) | J12: =IF($C12="","",_xlfn.MAXIFS($I$9:$I11,$C$9:$C11,$C12)) | K12: =IF(OR($C12="",$I12=""),"",IF($I12>$J12,"PR","")) | L12: =IF($B12=$B11,"",IF(SUMIFS($H$10:$H$297,$A$10:$A$297,$A12,$B$10:$B$297,$B12)=0,"",SUMIFS($H$10:$H$297,$A$10:$A$297,$A12,$B$10:$B$297,$B12)))
A13: 1 | B13: 1 | H13: =IF(OR($D13="",$E13="",$F13=""),"",ROUND($D13*$E13*$F13,0)) | I13: =IF(OR($E13="",$F13=""),"",ROUND($F13*(1+$E13/30),1)) | J13: =IF($C13="","",_xlfn.MAXIFS($I$9:$I12,$C$9:$C12,$C13)) | K13: =IF(OR($C13="",$I13=""),"",IF($I13>$J13,"PR","")) | L13: =IF($B13=$B12,"",IF(SUMIFS($H$10:$H$297,$A$10:$A$297,$A13,$B$10:$B$297,$B13)=0,"",SUMIFS($H$10:$H$297,$A$10:$A$297,$A13,$B$10:$B$297,$B13)))
A14: 1 | B14: 1 | H14: =IF(OR($D14="",$E14="",$F14=""),"",ROUND($D14*$E14*$F14,0)) | I14: =IF(OR($E14="",$F14=""),"",ROUND($F14*(1+$E14/30),1)) | J14: =IF($C14="","",_xlfn.MAXIFS($I$9:$I13,$C$9:$C13,$C14)) | K14: =IF(OR($C14="",$I14=""),"",IF($I14>$J14,"PR","")) | L14: =IF($B14=$B13,"",IF(SUMIFS($H$10:$H$297,$A$10:$A$297,$A14,$B$10:$B$297,$B14)=0,"",SUMIFS($H$10:$H$297,$A$10:$A$297,$A14,$B$10:$B$297,$B14)))
A15: 1 | B15: 1 | H15: =IF(OR($D15="",$E15="",$F15=""),"",ROUND($D15*$E15*$F15,0)) | I15: =IF(OR($E15="",$F15=""),"",ROUND($F15*(1+$E15/30),1)) | J15: =IF($C15="","",_xlfn.MAXIFS($I$9:$I14,$C$9:$C14,$C15)) | K15: =IF(OR($C15="",$I15=""),"",IF($I15>$J15,"PR","")) | L15: =IF($B15=$B14,"",IF(SUMIFS($H$10:$H$297,$A$10:$A$297,$A15,$B$10:$B$297,$B15)=0,"",SUMIFS($H$10:$H$297,$A$10:$A$297,$A15,$B$10:$B$297,$B15)))
A16: 1 | B16: 2 | H16: =IF(OR($D16="",$E16="",$F16=""),"",ROUND($D16*$E16*$F16,0)) | I16: =IF(OR($E16="",$F16=""),"",ROUND($F16*(1+$E16/30),1)) | J16: =IF($C16="","",_xlfn.MAXIFS($I$9:$I15,$C$9:$C15,$C16)) | K16: =IF(OR($C16="",$I16=""),"",IF($I16>$J16,"PR","")) | L16: =IF($B16=$B15,"",IF(SUMIFS($H$10:$H$297,$A$10:$A$297,$A16,$B$10:$B$297,$B16)=0,"",SUMIFS($H$10:$H$297,$A$10:$A$297,$A16,$B$10:$B$297,$B16)))
A17: 1 | B17: 2 | H17: =IF(OR($D17="",$E17="",$F17=""),"",ROUND($D17*$E17*$F17,0)) | I17: =IF(OR($E17="",$F17=""),"",ROUND($F17*(1+$E17/30),1)) | J17: =IF($C17="","",_xlfn.MAXIFS($I$9:$I16,$C$9:$C16,$C17)) | K17: =IF(OR($C17="",$I17=""),"",IF($I17>$J17,"PR","")) | L17: =IF($B17=$B16,"",IF(SUMIFS($H$10:$H$297,$A$10:$A$297,$A17,$B$10:$B$297,$B17)=0,"",SUMIFS($H$10:$H$297,$A$10:$A$297,$A17,$B$10:$B$297,$B17)))
A18: 1 | B18: 2 | H18: =IF(OR($D18="",$E18="",$F18=""),"",ROUND($D18*$E18*$F18,0)) | I18: =IF(OR($E18="",$F18=""),"",ROUND($F18*(1+$E18/30),1)) | J18: =IF($C18="","",_xlfn.MAXIFS($I$9:$I17,$C$9:$C17,$C18)) | K18: =IF(OR($C18="",$I18=""),"",IF($I18>$J18,"PR","")) | L18: =IF($B18=$B17,"",IF(SUMIFS($H$10:$H$297,$A$10:$A$297,$A18,$B$10:$B$297,$B18)=0,"",SUMIFS($H$10:$H$297,$A$10:$A$297,$A18,$B$10:$B$297,$B18)))
A19: 1 | B19: 2 | H19: =IF(OR($D19="",$E19="",$F19=""),"",ROUND($D19*$E19*$F19,0)) | I19: =IF(OR($E19="",$F19=""),"",ROUND($F19*(1+$E19/30),1)) | J19: =IF($C19="","",_xlfn.MAXIFS($I$9:$I18,$C$9:$C18,$C19)) | K19: =IF(OR($C19="",$I19=""),"",IF($I19>$J19,"PR","")) | L19: =IF($B19=$B18,"",IF(SUMIFS($H$10:$H$297,$A$10:$A$297,$A19,$B$10:$B$297,$B19)=0,"",SUMIFS($H$10:$H$297,$A$10:$A$297,$A19,$B$10:$B$297,$B19)))
A20: 1 | B20: 2 | H20: =IF(OR($D20="",$E20="",$F20=""),"",ROUND($D20*$E20*$F20,0)) | I20: =IF(OR($E20="",$F20=""),"",ROUND($F20*(1+$E20/30),1)) | J20: =IF($C20="","",_xlfn.MAXIFS($I$9:$I19,$C$9:$C19,$C20)) | K20: =IF(OR($C20="",$I20=""),"",IF($I20>$J20,"PR","")) | L20: =IF($B20=$B19,"",IF(SUMIFS($H$10:$H$297,$A$10:$A$297,$A20,$B$10:$B$297,$B20)=0,"",SUMIFS($H$10:$H$297,$A$10:$A$297,$A20,$B$10:$B$297,$B20)))
A21: 1 | B21: 2 | H21: =IF(OR($D21="",$E21="",$F21=""),"",ROUND($D21*$E21*$F21,0)) | I21: =IF(OR($E21="",$F21=""),"",ROUND($F21*(1+$E21/30),1)) | J21: =IF($C21="","",_xlfn.MAXIFS($I$9:$I20,$C$9:$C20,$C21)) | K21: =IF(OR($C21="",$I21=""),"",IF($I21>$J21,"PR","")) | L21: =IF($B21=$B20,"",IF(SUMIFS($H$10:$H$297,$A$10:$A$297,$A21,$B$10:$B$297,$B21)=0,"",SUMIFS($H$10:$H$297,$A$10:$A$297,$A21,$B$10:$B$297,$B21)))
... A297: 12 | B297: 4 | H297: =IF(OR($D297="",$E297="",$F297=""),"",ROUND($D297*$E297*$F297,0)) | I297: =IF(OR($E297="",$F297=""),"",ROUND($F297*(1+$E297/30),1)) | J297: =IF($C297="","",_xlfn.MAXIFS($I$9:$I296,$C$9:$C296,$C297)) | K297: =IF(OR($C297="",$I297=""),"",IF($I297>$J297,"PR","")) | L297: =IF($B297=$B296,"",IF(SUMIFS($H$10:$H$297,$A$10:$A$297,$A297,$B$10:$B$297,$B297)=0,"",SUMIFS($H$10:$H$297,$A$10:$A$297,$A297,$B$10:$B$297,$B297)))

Sheet Progress Dashboard
B2: Progress Dashboard
B3: Reads the Training Log on its own. Nothing here needs typing.
B5: SESSIONS LOGGED | D5: WEEKS TRAINED | E5: BEST WEEK STREAK | F5: TOTAL TONNAGE | H5: PRS SET
B6: =COUNT('Training Log'!$L$10:$L$297) | D6: =COUNTIF($P$13:$P$24,">0")&" of 12" | E6: =MAX($Q$13:$Q$24) | F6: =SUM('Training Log'!$H$10:$H$297) | H6: =COUNTIF('Training Log'!$K$10:$K$297,"PR")
B9: BEST e1RM BY WEEK
B10: Core lifts, best estimated 1RM each week. Dash = not trained that week.
J11: CHART DATA — feeds the graphs below. Leave as is.
B12: Week | C12: =Setup!$B$10 | D12: =Setup!$B$11 | E12: =Setup!$B$12 | F12: =Setup!$B$13 | G12: =Setup!$B$14 | H12: ="Tonnage ("&Units&")" | J12: Week | K12: =C$12 | L12: =D$12 | M12: =E$12 | N12: =F$12 | O12: =G$12 | P12: Tonnage | Q12: Streak
B13: 1 | C13: =IF(_xlfn.MAXIFS('Training Log'!$I$10:$I$297,'Training Log'!$A$10:$A$297,$B13,'Training Log'!$C$10:$C$297,C$12)=0,"—",_xlfn.MAXIFS('Training Log'!$I$10:$I$297,'Training Log'!$A$10:$A$297,$B13,'Training Log'!$C$10:$C$297,C$12)) | D13: =IF(_xlfn.MAXIFS('Training Log'!$I$10:$I$297,'Training Log'!$A$10:$A$297,$B13,'Training Log'!$C$10:$C$297,D$12)=0,"—",_xlfn.MAXIFS('Training Log'!$I$10:$I$297,'Training Log'!$A$10:$A$297,$B13,'Training Log'!$C$10:$C$297,D$12)) | E13: =IF(_xlfn.MAXIFS('Training Log'!$I$10:$I$297,'Training Log'!$A$10:$A$297,$B13,'Training Log'!$C$10:$C$297,E$12)=0,"—",_xlfn.MAXIFS('Training Log'!$I$10:$I$297,'Training Log'!$A$10:$A$297,$B13,'Training Log'!$C$10:$C$297,E$12)) | F13: =IF(_xlfn.MAXIFS('Training Log'!$I$10:$I$297,'Training Log'!$A$10:$A$297,$B13,'Training Log'!$C$10:$C$297,F$12)=0,"—",_xlfn.MAXIFS('Training Log'!$I$10:$I$297,'Training Log'!$A$10:$A$297,$B13,'Training Log'!$C$10:$C$297,F$12)) | G13: =IF(_xlfn.MAXIFS('Training Log'!$I$10:$I$297,'Training Log'!$A$10:$A$297,$B13,'Training Log'!$C$10:$C$297,G$12)=0,"—",_xlfn.MAXIFS('Training Log'!$I$10:$I$297,'Training Log'!$A$10:$A$297,$B13,'Training Log'!$C$10:$C$297,G$12)) | H13: =SUMIF('Training Log'!$A$10:$A$297,$B13,'Training Log'!$H$10:$H$297) | J13: 1 | K13: =IF(C13="—",NA(),C13) | L13: =IF(D13="—",NA(),D13) | M13: =IF(E13="—",NA(),E13) | N13: =IF(F13="—",NA(),F13) | O13: =IF(G13="—",NA(),G13) | P13: =SUMIF('Training Log'!$A$10:$A$297,$J13,'Training Log'!$H$10:$H$297) | Q13: =IF($P13>0,1,0)
B14: 2 | C14: =IF(_xlfn.MAXIFS('Training Log'!$I$10:$I$297,'Training Log'!$A$10:$A$297,$B14,'Training Log'!$C$10:$C$297,C$12)=0,"—",_xlfn.MAXIFS('Training Log'!$I$10:$I$297,'Training Log'!$A$10:$A$297,$B14,'Training Log'!$C$10:$C$297,C$12)) | D14: =IF(_xlfn.MAXIFS('Training Log'!$I$10:$I$297,'Training Log'!$A$10:$A$297,$B14,'Training Log'!$C$10:$C$297,D$12)=0,"—",_xlfn.MAXIFS('Training Log'!$I$10:$I$297,'Training Log'!$A$10:$A$297,$B14,'Training Log'!$C$10:$C$297,D$12)) | E14: =IF(_xlfn.MAXIFS('Training Log'!$I$10:$I$297,'Training Log'!$A$10:$A$297,$B14,'Training Log'!$C$10:$C$297,E$12)=0,"—",_xlfn.MAXIFS('Training Log'!$I$10:$I$297,'Training Log'!$A$10:$A$297,$B14,'Training Log'!$C$10:$C$297,E$12)) | F14: =IF(_xlfn.MAXIFS('Training Log'!$I$10:$I$297,'Training Log'!$A$10:$A$297,$B14,'Training Log'!$C$10:$C$297,F$12)=0,"—",_xlfn.MAXIFS('Training Log'!$I$10:$I$297,'Training Log'!$A$10:$A$297,$B14,'Training Log'!$C$10:$C$297,F$12)) | G14: =IF(_xlfn.MAXIFS('Training Log'!$I$10:$I$297,'Training Log'!$A$10:$A$297,$B14,'Training Log'!$C$10:$C$297,G$12)=0,"—",_xlfn.MAXIFS('Training Log'!$I$10:$I$297,'Training Log'!$A$10:$A$297,$B14,'Training Log'!$C$10:$C$297,G$12)) | H14: =SUMIF('Training Log'!$A$10:$A$297,$B14,'Training Log'!$H$10:$H$297) | J14: 2 | K14: =IF(C14="—",NA(),C14) | L14: =IF(D14="—",NA(),D14) | M14: =IF(E14="—",NA(),E14) | N14: =IF(F14="—",NA(),F14) | O14: =IF(G14="—",NA(),G14) | P14: =SUMIF('Training Log'!$A$10:$A$297,$J14,'Training Log'!$H$10:$H$297) | Q14: =IF($P14>0,$Q13+1,0)
B15: 3 | C15: =IF(_xlfn.MAXIFS('Training Log'!$I$10:$I$297,'Training Log'!$A$10:$A$297,$B15,'Training Log'!$C$10:$C$297,C$12)=0,"—",_xlfn.MAXIFS('Training Log'!$I$10:$I$297,'Training Log'!$A$10:$A$297,$B15,'Training Log'!$C$10:$C$297,C$12)) | D15: =IF(_xlfn.MAXIFS('Training Log'!$I$10:$I$297,'Training Log'!$A$10:$A$297,$B15,'Training Log'!$C$10:$C$297,D$12)=0,"—",_xlfn.MAXIFS('Training Log'!$I$10:$I$297,'Training Log'!$A$10:$A$297,$B15,'Training Log'!$C$10:$C$297,D$12)) | E15: =IF(_xlfn.MAXIFS('Training Log'!$I$10:$I$297,'Training Log'!$A$10:$A$297,$B15,'Training Log'!$C$10:$C$297,E$12)=0,"—",_xlfn.MAXIFS('Training Log'!$I$10:$I$297,'Training Log'!$A$10:$A$297,$B15,'Training Log'!$C$10:$C$297,E$12)) | F15: =IF(_xlfn.MAXIFS('Training Log'!$I$10:$I$297,'Training Log'!$A$10:$A$297,$B15,'Training Log'!$C$10:$C$297,F$12)=0,"—",_xlfn.MAXIFS('Training Log'!$I$10:$I$297,'Training Log'!$A$10:$A$297,$B15,'Training Log'!$C$10:$C$297,F$12)) | G15: =IF(_xlfn.MAXIFS('Training Log'!$I$10:$I$297,'Training Log'!$A$10:$A$297,$B15,'Training Log'!$C$10:$C$297,G$12)=0,"—",_xlfn.MAXIFS('Training Log'!$I$10:$I$297,'Training Log'!$A$10:$A$297,$B15,'Training Log'!$C$10:$C$297,G$12)) | H15: =SUMIF('Training Log'!$A$10:$A$297,$B15,'Training Log'!$H$10:$H$297) | J15: 3 | K15: =IF(C15="—",NA(),C15) | L15: =IF(D15="—",NA(),D15) | M15: =IF(E15="—",NA(),E15) | N15: =IF(F15="—",NA(),F15) | O15: =IF(G15="—",NA(),G15) | P15: =SUMIF('Training Log'!$A$10:$A$297,$J15,'Training Log'!$H$10:$H$297) | Q15: =IF($P15>0,$Q14+1,0)
B16: 4 | C16: =IF(_xlfn.MAXIFS('Training Log'!$I$10:$I$297,'Training Log'!$A$10:$A$297,$B16,'Training Log'!$C$10:$C$297,C$12)=0,"—",_xlfn.MAXIFS('Training Log'!$I$10:$I$297,'Training Log'!$A$10:$A$297,$B16,'Training Log'!$C$10:$C$297,C$12)) | D16: =IF(_xlfn.MAXIFS('Training Log'!$I$10:$I$297,'Training Log'!$A$10:$A$297,$B16,'Training Log'!$C$10:$C$297,D$12)=0,"—",_xlfn.MAXIFS('Training Log'!$I$10:$I$297,'Training Log'!$A$10:$A$297,$B16,'Training Log'!$C$10:$C$297,D$12)) | E16: =IF(_xlfn.MAXIFS('Training Log'!$I$10:$I$297,'Training Log'!$A$10:$A$297,$B16,'Training Log'!$C$10:$C$297,E$12)=0,"—",_xlfn.MAXIFS('Training Log'!$I$10:$I$297,'Training Log'!$A$10:$A$297,$B16,'Training Log'!$C$10:$C$297,E$12)) | F16: =IF(_xlfn.MAXIFS('Training Log'!$I$10:$I$297,'Training Log'!$A$10:$A$297,$B16,'Training Log'!$C$10:$C$297,F$12)=0,"—",_xlfn.MAXIFS('Training Log'!$I$10:$I$297,'Training Log'!$A$10:$A$297,$B16,'Training Log'!$C$10:$C$297,F$12)) | G16: =IF(_xlfn.MAXIFS('Training Log'!$I$10:$I$297,'Training Log'!$A$10:$A$297,$B16,'Training Log'!$C$10:$C$297,G$12)=0,"—",_xlfn.MAXIFS('Training Log'!$I$10:$I$297,'Training Log'!$A$10:$A$297,$B16,'Training Log'!$C$10:$C$297,G$12)) | H16: =SUMIF('Training Log'!$A$10:$A$297,$B16,'Training Log'!$H$10:$H$297) | J16: 4 | K16: =IF(C16="—",NA(),C16) | L16: =IF(D16="—",NA(),D16) | M16: =IF(E16="—",NA(),E16) | N16: =IF(F16="—",NA(),F16) | O16: =IF(G16="—",NA(),G16) | P16: =SUMIF('Training Log'!$A$10:$A$297,$J16,'Training Log'!$H$10:$H$297) | Q16: =IF($P16>0,$Q15+1,0)
B17: 5 | C17: =IF(_xlfn.MAXIFS('Training Log'!$I$10:$I$297,'Training Log'!$A$10:$A$297,$B17,'Training Log'!$C$10:$C$297,C$12)=0,"—",_xlfn.MAXIFS('Training Log'!$I$10:$I$297,'Training Log'!$A$10:$A$297,$B17,'Training Log'!$C$10:$C$297,C$12)) | D17: =IF(_xlfn.MAXIFS('Training Log'!$I$10:$I$297,'Training Log'!$A$10:$A$297,$B17,'Training Log'!$C$10:$C$297,D$12)=0,"—",_xlfn.MAXIFS('Training Log'!$I$10:$I$297,'Training Log'!$A$10:$A$297,$B17,'Training Log'!$C$10:$C$297,D$12)) | E17: =IF(_xlfn.MAXIFS('Training Log'!$I$10:$I$297,'Training Log'!$A$10:$A$297,$B17,'Training Log'!$C$10:$C$297,E$12)=0,"—",_xlfn.MAXIFS('Training Log'!$I$10:$I$297,'Training Log'!$A$10:$A$297,$B17,'Training Log'!$C$10:$C$297,E$12)) | F17: =IF(_xlfn.MAXIFS('Training Log'!$I$10:$I$297,'Training Log'!$A$10:$A$297,$B17,'Training Log'!$C$10:$C$297,F$12)=0,"—",_xlfn.MAXIFS('Training Log'!$I$10:$I$297,'Training Log'!$A$10:$A$297,$B17,'Training Log'!$C$10:$C$297,F$12)) | G17: =IF(_xlfn.MAXIFS('Training Log'!$I$10:$I$297,'Training Log'!$A$10:$A$297,$B17,'Training Log'!$C$10:$C$297,G$12)=0,"—",_xlfn.MAXIFS('Training Log'!$I$10:$I$297,'Training Log'!$A$10:$A$297,$B17,'Training Log'!$C$10:$C$297,G$12)) | H17: =SUMIF('Training Log'!$A$10:$A$297,$B17,'Training Log'!$H$10:$H$297) | J17: 5 | K17: =IF(C17="—",NA(),C17) | L17: =IF(D17="—",NA(),D17) | M17: =IF(E17="—",NA(),E17) | N17: =IF(F17="—",NA(),F17) | O17: =IF(G17="—",NA(),G17) | P17: =SUMIF('Training Log'!$A$10:$A$297,$J17,'Training Log'!$H$10:$H$297) | Q17: =IF($P17>0,$Q16+1,0)
B18: 6 | C18: =IF(_xlfn.MAXIFS('Training Log'!$I$10:$I$297,'Training Log'!$A$10:$A$297,$B18,'Training Log'!$C$10:$C$297,C$12)=0,"—",_xlfn.MAXIFS('Training Log'!$I$10:$I$297,'Training Log'!$A$10:$A$297,$B18,'Training Log'!$C$10:$C$297,C$12)) | D18: =IF(_xlfn.MAXIFS('Training Log'!$I$10:$I$297,'Training Log'!$A$10:$A$297,$B18,'Training Log'!$C$10:$C$297,D$12)=0,"—",_xlfn.MAXIFS('Training Log'!$I$10:$I$297,'Training Log'!$A$10:$A$297,$B18,'Training Log'!$C$10:$C$297,D$12)) | E18: =IF(_xlfn.MAXIFS('Training Log'!$I$10:$I$297,'Training Log'!$A$10:$A$297,$B18,'Training Log'!$C$10:$C$297,E$12)=0,"—",_xlfn.MAXIFS('Training Log'!$I$10:$I$297,'Training Log'!$A$10:$A$297,$B18,'Training Log'!$C$10:$C$297,E$12)) | F18: =IF(_xlfn.MAXIFS('Training Log'!$I$10:$I$297,'Training Log'!$A$10:$A$297,$B18,'Training Log'!$C$10:$C$297,F$12)=0,"—",_xlfn.MAXIFS('Training Log'!$I$10:$I$297,'Training Log'!$A$10:$A$297,$B18,'Training Log'!$C$10:$C$297,F$12)) | G18: =IF(_xlfn.MAXIFS('Training Log'!$I$10:$I$297,'Training Log'!$A$10:$A$297,$B18,'Training Log'!$C$10:$C$297,G$12)=0,"—",_xlfn.MAXIFS('Training Log'!$I$10:$I$297,'Training Log'!$A$10:$A$297,$B18,'Training Log'!$C$10:$C$297,G$12)) | H18: =SUMIF('Training Log'!$A$10:$A$297,$B18,'Training Log'!$H$10:$H$297) | J18: 6 | K18: =IF(C18="—",NA(),C18) | L18: =IF(D18="—",NA(),D18) | M18: =IF(E18="—",NA(),E18) | N18: =IF(F18="—",NA(),F18) | O18: =IF(G18="—",NA(),G18) | P18: =SUMIF('Training Log'!$A$10:$A$297,$J18,'Training Log'!$H$10:$H$297) | Q18: =IF($P18>0,$Q17+1,0)
B19: 7 | C19: =IF(_xlfn.MAXIFS('Training Log'!$I$10:$I$297,'Training Log'!$A$10:$A$297,$B19,'Training Log'!$C$10:$C$297,C$12)=0,"—",_xlfn.MAXIFS('Training Log'!$I$10:$I$297,'Training Log'!$A$10:$A$297,$B19,'Training Log'!$C$10:$C$297,C$12)) | D19: =IF(_xlfn.MAXIFS('Training Log'!$I$10:$I$297,'Training Log'!$A$10:$A$297,$B19,'Training Log'!$C$10:$C$297,D$12)=0,"—",_xlfn.MAXIFS('Training Log'!$I$10:$I$297,'Training Log'!$A$10:$A$297,$B19,'Training Log'!$C$10:$C$297,D$12)) | E19: =IF(_xlfn.MAXIFS('Training Log'!$I$10:$I$297,'Training Log'!$A$10:$A$297,$B19,'Training Log'!$C$10:$C$297,E$12)=0,"—",_xlfn.MAXIFS('Training Log'!$I$10:$I$297,'Training Log'!$A$10:$A$297,$B19,'Training Log'!$C$10:$C$297,E$12)) | F19: =IF(_xlfn.MAXIFS('Training Log'!$I$10:$I$297,'Training Log'!$A$10:$A$297,$B19,'Training Log'!$C$10:$C$297,F$12)=0,"—",_xlfn.MAXIFS('Training Log'!$I$10:$I$297,'Training Log'!$A$10:$A$297,$B19,'Training Log'!$C$10:$C$297,F$12)) | G19: =IF(_xlfn.MAXIFS('Training Log'!$I$10:$I$297,'Training Log'!$A$10:$A$297,$B19,'Training Log'!$C$10:$C$297,G$12)=0,"—",_xlfn.MAXIFS('Training Log'!$I$10:$I$297,'Training Log'!$A$10:$A$297,$B19,'Training Log'!$C$10:$C$297,G$12)) | H19: =SUMIF('Training Log'!$A$10:$A$297,$B19,'Training Log'!$H$10:$H$297) | J19: 7 | K19: =IF(C19="—",NA(),C19) | L19: =IF(D19="—",NA(),D19) | M19: =IF(E19="—",NA(),E19) | N19: =IF(F19="—",NA(),F19) | O19: =IF(G19="—",NA(),G19) | P19: =SUMIF('Training Log'!$A$10:$A$297,$J19,'Training Log'!$H$10:$H$297) | Q19: =IF($P19>0,$Q18+1,0)
B20: 8 | C20: =IF(_xlfn.MAXIFS('Training Log'!$I$10:$I$297,'Training Log'!$A$10:$A$297,$B20,'Training Log'!$C$10:$C$297,C$12)=0,"—",_xlfn.MAXIFS('Training Log'!$I$10:$I$297,'Training Log'!$A$10:$A$297,$B20,'Training Log'!$C$10:$C$297,C$12)) | D20: =IF(_xlfn.MAXIFS('Training Log'!$I$10:$I$297,'Training Log'!$A$10:$A$297,$B20,'Training Log'!$C$10:$C$297,D$12)=0,"—",_xlfn.MAXIFS('Training Log'!$I$10:$I$297,'Training Log'!$A$10:$A$297,$B20,'Training Log'!$C$10:$C$297,D$12)) | E20: =IF(_xlfn.MAXIFS('Training Log'!$I$10:$I$297,'Training Log'!$A$10:$A$297,$B20,'Training Log'!$C$10:$C$297,E$12)=0,"—",_xlfn.MAXIFS('Training Log'!$I$10:$I$297,'Training Log'!$A$10:$A$297,$B20,'Training Log'!$C$10:$C$297,E$12)) | F20: =IF(_xlfn.MAXIFS('Training Log'!$I$10:$I$297,'Training Log'!$A$10:$A$297,$B20,'Training Log'!$C$10:$C$297,F$12)=0,"—",_xlfn.MAXIFS('Training Log'!$I$10:$I$297,'Training Log'!$A$10:$A$297,$B20,'Training Log'!$C$10:$C$297,F$12)) | G20: =IF(_xlfn.MAXIFS('Training Log'!$I$10:$I$297,'Training Log'!$A$10:$A$297,$B20,'Training Log'!$C$10:$C$297,G$12)=0,"—",_xlfn.MAXIFS('Training Log'!$I$10:$I$297,'Training Log'!$A$10:$A$297,$B20,'Training Log'!$C$10:$C$297,G$12)) | H20: =SUMIF('Training Log'!$A$10:$A$297,$B20,'Training Log'!$H$10:$H$297) | J20: 8 | K20: =IF(C20="—",NA(),C20) | L20: =IF(D20="—",NA(),D20) | M20: =IF(E20="—",NA(),E20) | N20: =IF(F20="—",NA(),F20) | O20: =IF(G20="—",NA(),G20) | P20: =SUMIF('Training Log'!$A$10:$A$297,$J20,'Training Log'!$H$10:$H$297) | Q20: =IF($P20>0,$Q19+1,0)
B21: 9 | C21: =IF(_xlfn.MAXIFS('Training Log'!$I$10:$I$297,'Training Log'!$A$10:$A$297,$B21,'Training Log'!$C$10:$C$297,C$12)=0,"—",_xlfn.MAXIFS('Training Log'!$I$10:$I$297,'Training Log'!$A$10:$A$297,$B21,'Training Log'!$C$10:$C$297,C$12)) | D21: =IF(_xlfn.MAXIFS('Training Log'!$I$10:$I$297,'Training Log'!$A$10:$A$297,$B21,'Training Log'!$C$10:$C$297,D$12)=0,"—",_xlfn.MAXIFS('Training Log'!$I$10:$I$297,'Training Log'!$A$10:$A$297,$B21,'Training Log'!$C$10:$C$297,D$12)) | E21: =IF(_xlfn.MAXIFS('Training Log'!$I$10:$I$297,'Training Log'!$A$10:$A$297,$B21,'Training Log'!$C$10:$C$297,E$12)=0,"—",_xlfn.MAXIFS('Training Log'!$I$10:$I$297,'Training Log'!$A$10:$A$297,$B21,'Training Log'!$C$10:$C$297,E$12)) | F21: =IF(_xlfn.MAXIFS('Training Log'!$I$10:$I$297,'Training Log'!$A$10:$A$297,$B21,'Training Log'!$C$10:$C$297,F$12)=0,"—",_xlfn.MAXIFS('Training Log'!$I$10:$I$297,'Training Log'!$A$10:$A$297,$B21,'Training Log'!$C$10:$C$297,F$12)) | G21: =IF(_xlfn.MAXIFS('Training Log'!$I$10:$I$297,'Training Log'!$A$10:$A$297,$B21,'Training Log'!$C$10:$C$297,G$12)=0,"—",_xlfn.MAXIFS('Training Log'!$I$10:$I$297,'Training Log'!$A$10:$A$297,$B21,'Training Log'!$C$10:$C$297,G$12)) | H21: =SUMIF('Training Log'!$A$10:$A$297,$B21,'Training Log'!$H$10:$H$297) | J21: 9 | K21: =IF(C21="—",NA(),C21) | L21: =IF(D21="—",NA(),D21) | M21: =IF(E21="—",NA(),E21) | N21: =IF(F21="—",NA(),F21) | O21: =IF(G21="—",NA(),G21) | P21: =SUMIF('Training Log'!$A$10:$A$297,$J21,'Training Log'!$H$10:$H$297) | Q21: =IF($P21>0,$Q20+1,0)
B22: 10 | C22: =IF(_xlfn.MAXIFS('Training Log'!$I$10:$I$297,'Training Log'!$A$10:$A$297,$B22,'Training Log'!$C$10:$C$297,C$12)=0,"—",_xlfn.MAXIFS('Training Log'!$I$10:$I$297,'Training Log'!$A$10:$A$297,$B22,'Training Log'!$C$10:$C$297,C$12)) | D22: =IF(_xlfn.MAXIFS('Training Log'!$I$10:$I$297,'Training Log'!$A$10:$A$297,$B22,'Training Log'!$C$10:$C$297,D$12)=0,"—",_xlfn.MAXIFS('Training Log'!$I$10:$I$297,'Training Log'!$A$10:$A$297,$B22,'Training Log'!$C$10:$C$297,D$12)) | E22: =IF(_xlfn.MAXIFS('Training Log'!$I$10:$I$297,'Training Log'!$A$10:$A$297,$B22,'Training Log'!$C$10:$C$297,E$12)=0,"—",_xlfn.MAXIFS('Training Log'!$I$10:$I$297,'Training Log'!$A$10:$A$297,$B22,'Training Log'!$C$10:$C$297,E$12)) | F22: =IF(_xlfn.MAXIFS('Training Log'!$I$10:$I$297,'Training Log'!$A$10:$A$297,$B22,'Training Log'!$C$10:$C$297,F$12)=0,"—",_xlfn.MAXIFS('Training Log'!$I$10:$I$297,'Training Log'!$A$10:$A$297,$B22,'Training Log'!$C$10:$C$297,F$12)) | G22: =IF(_xlfn.MAXIFS('Training Log'!$I$10:$I$297,'Training Log'!$A$10:$A$297,$B22,'Training Log'!$C$10:$C$297,G$12)=0,"—",_xlfn.MAXIFS('Training Log'!$I$10:$I$297,'Training Log'!$A$10:$A$297,$B22,'Training Log'!$C$10:$C$297,G$12)) | H22: =SUMIF('Training Log'!$A$10:$A$297,$B22,'Training Log'!$H$10:$H$297) | J22: 10 | K22: =IF(C22="—",NA(),C22) | L22: =IF(D22="—",NA(),D22) | M22: =IF(E22="—",NA(),E22) | N22: =IF(F22="—",NA(),F22) | O22: =IF(G22="—",NA(),G22) | P22: =SUMIF('Training Log'!$A$10:$A$297,$J22,'Training Log'!$H$10:$H$297) | Q22: =IF($P22>0,$Q21+1,0)
B23: 11 | C23: =IF(_xlfn.MAXIFS('Training Log'!$I$10:$I$297,'Training Log'!$A$10:$A$297,$B23,'Training Log'!$C$10:$C$297,C$12)=0,"—",_xlfn.MAXIFS('Training Log'!$I$10:$I$297,'Training Log'!$A$10:$A$297,$B23,'Training Log'!$C$10:$C$297,C$12)) | D23: =IF(_xlfn.MAXIFS('Training Log'!$I$10:$I$297,'Training Log'!$A$10:$A$297,$B23,'Training Log'!$C$10:$C$297,D$12)=0,"—",_xlfn.MAXIFS('Training Log'!$I$10:$I$297,'Training Log'!$A$10:$A$297,$B23,'Training Log'!$C$10:$C$297,D$12)) | E23: =IF(_xlfn.MAXIFS('Training Log'!$I$10:$I$297,'Training Log'!$A$10:$A$297,$B23,'Training Log'!$C$10:$C$297,E$12)=0,"—",_xlfn.MAXIFS('Training Log'!$I$10:$I$297,'Training Log'!$A$10:$A$297,$B23,'Training Log'!$C$10:$C$297,E$12)) | F23: =IF(_xlfn.MAXIFS('Training Log'!$I$10:$I$297,'Training Log'!$A$10:$A$297,$B23,'Training Log'!$C$10:$C$297,F$12)=0,"—",_xlfn.MAXIFS('Training Log'!$I$10:$I$297,'Training Log'!$A$10:$A$297,$B23,'Training Log'!$C$10:$C$297,F$12)) | G23: =IF(_xlfn.MAXIFS('Training Log'!$I$10:$I$297,'Training Log'!$A$10:$A$297,$B23,'Training Log'!$C$10:$C$297,G$12)=0,"—",_xlfn.MAXIFS('Training Log'!$I$10:$I$297,'Training Log'!$A$10:$A$297,$B23,'Training Log'!$C$10:$C$297,G$12)) | H23: =SUMIF('Training Log'!$A$10:$A$297,$B23,'Training Log'!$H$10:$H$297) | J23: 11 | K23: =IF(C23="—",NA(),C23) | L23: =IF(D23="—",NA(),D23) | M23: =IF(E23="—",NA(),E23) | N23: =IF(F23="—",NA(),F23) | O23: =IF(G23="—",NA(),G23) | P23: =SUMIF('Training Log'!$A$10:$A$297,$J23,'Training Log'!$H$10:$H$297) | Q23: =IF($P23>0,$Q22+1,0)
B24: 12 | C24: =IF(_xlfn.MAXIFS('Training Log'!$I$10:$I$297,'Training Log'!$A$10:$A$297,$B24,'Training Log'!$C$10:$C$297,C$12)=0,"—",_xlfn.MAXIFS('Training Log'!$I$10:$I$297,'Training Log'!$A$10:$A$297,$B24,'Training Log'!$C$10:$C$297,C$12)) | D24: =IF(_xlfn.MAXIFS('Training Log'!$I$10:$I$297,'Training Log'!$A$10:$A$297,$B24,'Training Log'!$C$10:$C$297,D$12)=0,"—",_xlfn.MAXIFS('Training Log'!$I$10:$I$297,'Training Log'!$A$10:$A$297,$B24,'Training Log'!$C$10:$C$297,D$12)) | E24: =IF(_xlfn.MAXIFS('Training Log'!$I$10:$I$297,'Training Log'!$A$10:$A$297,$B24,'Training Log'!$C$10:$C$297,E$12)=0,"—",_xlfn.MAXIFS('Training Log'!$I$10:$I$297,'Training Log'!$A$10:$A$297,$B24,'Training Log'!$C$10:$C$297,E$12)) | F24: =IF(_xlfn.MAXIFS('Training Log'!$I$10:$I$297,'Training Log'!$A$10:$A$297,$B24,'Training Log'!$C$10:$C$297,F$12)=0,"—",_xlfn.MAXIFS('Training Log'!$I$10:$I$297,'Training Log'!$A$10:$A$297,$B24,'Training Log'!$C$10:$C$297,F$12)) | G24: =IF(_xlfn.MAXIFS('Training Log'!$I$10:$I$297,'Training Log'!$A$10:$A$297,$B24,'Training Log'!$C$10:$C$297,G$12)=0,"—",_xlfn.MAXIFS('Training Log'!$I$10:$I$297,'Training Log'!$A$10:$A$297,$B24,'Training Log'!$C$10:$C$297,G$12)) | H24: =SUMIF('Training Log'!$A$10:$A$297,$B24,'Training Log'!$H$10:$H$297) | J24: 12 | K24: =IF(C24="—",NA(),C24) | L24: =IF(D24="—",NA(),D24) | M24: =IF(E24="—",NA(),E24) | N24: =IF(F24="—",NA(),F24) | O24: =IF(G24="—",NA(),G24) | P24: =SUMIF('Training Log'!$A$10:$A$297,$J24,'Training Log'!$H$10:$H$297) | Q24: =IF($P24>0,$Q23+1,0)

Sheet 1RM Calculator
B2: 1RM Calculator
B3: Type a weight and the reps you lifted it for. Two estimates, plus working-weight tables.
B5: ="Weight lifted ("&Units&")" | E5: % of 1RM | F5: ="Weight ("&Units&")" | H5: Rep max | I5: ="Weight ("&Units&")"
B6: Reps performed (1–15) | E6: 0.95 | F6: =IF($C$8="","",ROUND($C$8*$E6/RoundTo,0)*RoundTo) | H6: 1RM | I6: =IF($C$8="","",ROUND($C$8/(1+1/30)/RoundTo,0)*RoundTo)
E7: 0.9 | F7: =IF($C$8="","",ROUND($C$8*$E7/RoundTo,0)*RoundTo) | H7: 2RM | I7: =IF($C$8="","",ROUND($C$8/(1+2/30)/RoundTo,0)*RoundTo)
B8: Estimated 1RM — Epley | C8: =IF(OR($C$5="",$C$6=""),"",ROUND($C$5*(1+$C$6/30),1)) | E8: 0.85 | F8: =IF($C$8="","",ROUND($C$8*$E8/RoundTo,0)*RoundTo) | H8: 3RM | I8: =IF($C$8="","",ROUND($C$8/(1+3/30)/RoundTo,0)*RoundTo)
B9: weight × (1 + reps ÷ 30) — the same formula the Training Log runs | E9: 0.8 | F9: =IF($C$8="","",ROUND($C$8*$E9/RoundTo,0)*RoundTo) | H9: 4RM | I9: =IF($C$8="","",ROUND($C$8/(1+4/30)/RoundTo,0)*RoundTo)
E10: 0.75 | F10: =IF($C$8="","",ROUND($C$8*$E10/RoundTo,0)*RoundTo) | H10: 5RM | I10: =IF($C$8="","",ROUND($C$8/(1+5/30)/RoundTo,0)*RoundTo)
B11: Estimated 1RM — Brzycki | C11: =IF(OR($C$5="",$C$6=""),"",IF($C$6>=36,"",ROUND($C$5*36/(37-$C$6),1))) | E11: 0.7 | F11: =IF($C$8="","",ROUND($C$8*$E11/RoundTo,0)*RoundTo) | H11: 6RM | I11: =IF($C$8="","",ROUND($C$8/(1+6/30)/RoundTo,0)*RoundTo)
B12: weight × 36 ÷ (37 − reps) — a second opinion; the two agree closely under 10 reps | E12: 0.65 | F12: =IF($C$8="","",ROUND($C$8*$E12/RoundTo,0)*RoundTo) | H12: 7RM | I12: =IF($C$8="","",ROUND($C$8/(1+7/30)/RoundTo,0)*RoundTo)
E13: 0.6 | F13: =IF($C$8="","",ROUND($C$8*$E13/RoundTo,0)*RoundTo) | H13: 8RM | I13: =IF($C$8="","",ROUND($C$8/(1+8/30)/RoundTo,0)*RoundTo)
E14: 0.55 | F14: =IF($C$8="","",ROUND($C$8*$E14/RoundTo,0)*RoundTo) | H14: 9RM | I14: =IF($C$8="","",ROUND($C$8/(1+9/30)/RoundTo,0)*RoundTo)
E15: 0.5 | F15: =IF($C$8="","",ROUND($C$8*$E15/RoundTo,0)*RoundTo) | H15: 10RM | I15: =IF($C$8="","",ROUND($C$8/(1+10/30)/RoundTo,0)*RoundTo)
B17: Both formulas are estimates, and both drift as reps climb — past ~10 reps, treat the number as a compass, not a measurement.
B18: Working weights round to real plates — nearest 5 lb or 2.5 kg, following the Setup tab's units cell.
B20: Original AtlasForm design. For personal use only. © 2026 AtlasForm.
